"gene","baseMean","log2FoldChange","lfcSE","stat","pvalue","padj","gene_name","direction"
"FBgn0003360",1168.38313163167,-3.17547076123437,0.0721604220141307,-44.0057121702051,0,0,"sesB","Down"
"FBgn0026562",8146.01490538287,-2.44056505627228,0.0415701836091922,-58.7095087001879,0,0,"BM-40-SPARC","Down"
"FBgn0034751",4379.19893659735,-1.29029511380036,0.037115025731029,-34.7647640918014,8.29304371744243e-265,2.00829875357398e-261,"RpS24","Down"
"FBgn0040813",20657.0328451327,-1.0909315444888,0.0316995112286343,-34.4147749351845,1.51596513041223e-259,2.75337166811122e-256,"Nplp2","Down"
"FBgn0261552",1601.54713051709,-1.81719372507576,0.0544943228167719,-33.3464777823879,8.193422198729e-244,1.19050424547532e-240,"ps","Down"
"FBgn0029167",935.17747093617,-2.05411580123701,0.0685169110536447,-29.9796907018877,1.80563975132866e-197,2.18632879890045e-194,"Hml","Down"
"FBgn0024733",5220.51479263889,1.03080665145559,0.0368438974958516,27.9776766714665,3.03729784592307e-172,2.75824610632889e-169,"Qm","Up"
"FBgn0066084",6496.66785764313,1.08708509719717,0.0391601154264585,27.7600074810475,1.31941942148841e-169,1.06506467745704e-166,"RpL41","Up"
"FBgn0261362",1847.44129163095,1.34580714444516,0.0490073887791314,27.4613109976233,5.09079198081484e-166,3.69846037406198e-163,"proPO-A1","Up"
"FBgn0013676",538.621141502916,2.87056564727752,0.104614779952694,27.4393890478532,9.29982056826398e-166,6.14210876622162e-163,"mt:CoIII","Up"
"FBgn0035147",4126.99437843823,-1.1009589123901,0.0410337044058051,-26.8306000721287,1.42073716665402e-158,8.6013795964512e-156,"CG12030","Down"
"FBgn0025111",403.883752458417,2.96556277525285,0.112691585225796,26.3157428241945,1.26665100346813e-152,6.13481302679729e-150,"Ant2","Up"
"FBgn0040007",1579.06344754451,1.44513514281972,0.0594722958074195,24.2992997529352,1.99401953239134e-130,8.5215011193077e-128,"RpL38","Up"
"FBgn0023479",878.870136076309,-1.58889172067064,0.0655529832141199,-24.2382824208128,8.78877306271162e-130,3.54724646114444e-127,"Tequila","Down"
"FBgn0051363",2504.0495376268,1.0087187671186,0.0433834536687204,23.2512324818873,1.38227315480452e-119,5.28537603666045e-117,"Jupiter","Up"
"FBgn0033913",1293.6245218078,-1.27987859164168,0.0552992123874713,-23.1446079679003,1.64738735673891e-118,5.98413457335409e-116,"CG8468","Down"
"FBgn0033635",695.863100763634,1.53455342484932,0.0719647994918312,21.3236670661955,6.84767777293094e-101,2.26128995547015e-98,"CG7777","Up"
"FBgn0036985",598.154871297416,-1.69245890366572,0.079391323491515,-21.3179328575698,7.74025998745017e-101,2.44491255690546e-98,"CG5847","Down"
"FBgn0013675",276.319727233329,2.65386802380321,0.129100860064321,20.5565479771474,6.72507360887753e-94,1.80954295438871e-91,"mt:CoII","Up"
"FBgn0036373",913.966450454132,-1.41032132185112,0.0700784948600071,-20.1248803169711,4.46849759096816e-90,1.11943568959944e-87,"CG10741","Down"
"FBgn0013674",1807.61417961444,1.76441159366359,0.0936317690522703,18.8441552639959,3.28162212992247e-79,7.4503077418396e-77,"mt:CoI","Up"
"FBgn0027279",855.972907068291,-1.1633012268626,0.0630330021035874,-18.4554310922847,4.71587224503468e-76,1.00767093706403e-73,"l(1)G0196","Down"
"FBgn0039155",182.671900437255,-5.20375384888846,0.284797068221329,-18.2717957083897,1.38807028096109e-74,2.88123731176638e-72,"kal-1","Down"
"FBgn0031805",809.321378791137,-1.19259834280133,0.0660701771135313,-18.0504789740769,7.82095475234078e-73,1.57831211877099e-70,"CG9505","Down"
"FBgn0004396",909.412919995462,1.09422064285878,0.0620918263685017,17.6226197046422,1.6517571233667e-69,3.15789881612081e-67,"CrebA","Up"
"FBgn0053307",380.331839660825,-1.5632508851789,0.0967916795824743,-16.1506742307006,1.12327166082939e-58,1.77403665563598e-56,"CG33307","Down"
"FBgn0052521",637.7709103961,-1.26141246707989,0.0791013687215143,-15.9467843283577,2.99948949465785e-57,4.63644493163602e-55,"CG32521","Down"
"FBgn0043364",446.81362881047,-1.33315866110396,0.085949327845782,-15.5109841405163,2.92363185687195e-54,4.33473172248464e-52,"cbt","Down"
"FBgn0034897",234.706130127261,-1.89417657076598,0.122467816526739,-15.466729337437,5.8189323603919e-54,8.45490871964943e-52,"CG11299","Down"
"FBgn0029002",539.898645744246,1.22050995432134,0.079142028942013,15.4217673041412,1.16862033438028e-53,1.66471112338682e-51,"miple2","Up"
"FBgn0259715",192.491481930893,-2.1287313863631,0.140867342239459,-15.1116032468654,1.35795116094534e-51,1.82694725634591e-49,"CG42369","Down"
"FBgn0010395",322.217207219756,1.52620094483762,0.101534767915876,15.031313668852,4.5783536611955e-51,6.04758897247005e-49,"betaInt-nu","Up"
"FBgn0260008",151.02071506174,2.36734185283404,0.165537607580243,14.3009306914532,2.15902727365413e-46,2.52989244243504e-44,"Ucrh","Up"
"FBgn0040099",285.881761765336,-1.55840754648917,0.111001940092486,-14.0394622399456,8.93883383484453e-45,1.01260524208343e-42,"lectin-28C","Down"
"FBgn0035085",138.329652506902,-2.45302163317971,0.175127513043065,-14.0070602874175,1.41126822961552e-44,1.55346419517526e-42,"CG3770","Down"
"FBgn0026376",475.628590601948,-1.12688033461661,0.0819447536049247,-13.7517081331353,4.97411028819703e-43,5.23723351358716e-41,"Rgl","Down"
"FBgn0261560",482.448269516803,-1.1028905985431,0.0814609476759541,-13.53888740566,9.21744010124789e-42,9.43164821627689e-40,"Thor","Down"
"FBgn0036576",313.975819135188,-1.34831604673205,0.100991468305213,-13.3507916001103,1.17196849426148e-40,1.1663494672342e-38,"CG5151","Down"
"FBgn0029896",133.445908566858,-2.22907061814783,0.170057468006636,-13.1077490702193,2.97291489578617e-39,2.73395274909956e-37,"CG3168","Down"
"FBgn0030237",537.793105022404,-1.03431912047747,0.07894504660512,-13.1017608444909,3.21706330499875e-39,2.92149561385199e-37,"CG15209","Down"
"FBgn0040091",275.580425004542,-1.42840774146948,0.109111191399941,-13.0913036796907,3.69215737079679e-39,3.31154608627638e-37,"Ugt58Fa","Down"
"FBgn0031150",289.208254660842,1.36191568137182,0.106472730435833,12.7912158897117,1.83579059465001e-37,1.56906102001557e-35,"bves","Up"
"FBgn0039928",527.240126362265,1.06608481782681,0.0856783150036522,12.4428779648779,1.52894000533486e-35,1.18167544029338e-33,"cals","Up"
"FBgn0039419",357.735141670251,-1.12319194322948,0.0926448957055458,-12.1236246711241,7.91782619458168e-34,5.75230073036359e-32,"CG12290","Down"
"FBgn0013682",81.0049833857614,5.27346002896233,0.441298585876471,11.9498684059651,6.50281214070936e-33,4.67751784180728e-31,"mt:ND4","Up"
"FBgn0029801",416.565172794991,-1.04359774074438,0.0879367480046859,-11.8675953389676,1.74408841168332e-32,1.23017498163877e-30,"CG15771","Down"
"FBgn0036821",137.179341427474,-1.81956946635591,0.157588654056535,-11.5463227809734,7.70469177383917e-31,5.04275547179654e-29,"CG3961","Down"
"FBgn0022160",311.351113030108,-1.14736207272163,0.0998080648986761,-11.4956849818341,1.38676549821234e-30,8.9157976500112e-29,"Gpo-1","Down"
"FBgn0001224",177.444591051568,1.52042327765223,0.134095205834179,11.3383865455442,8.46914816339764e-30,5.21426791585456e-28,"Hsp23","Up"
"FBgn0000071",95.0793160745997,2.29789083832316,0.202942695409059,11.322855615431,1.01123267981115e-29,6.1736179990151e-28,"Ama","Up"
"FBgn0003748",322.955207612318,1.08592871422771,0.0999253852942363,10.8673958176906,1.64838814281789e-27,9.50439671235871e-26,"Treh","Up"
"FBgn0038832",73.7855112436614,-2.54620899067926,0.23439450304978,-10.8629210905108,1.73121191140447e-27,9.90335002862478e-26,"CG15695","Down"
"FBgn0034736",50.4052347276267,-3.79026678969096,0.366702063955442,-10.3360934182021,4.83862076344661e-25,2.45822236688389e-23,"CG6018","Down"
"FBgn0031322",101.302039579063,-1.89729203419903,0.183695632068933,-10.3284548077173,5.23978247242692e-25,2.64354303209594e-23,"CG5001","Down"
"FBgn0000406",71.8163556298797,-2.32958308908088,0.235202127249864,-9.90460042313339,3.97556029447142e-23,1.83964621269649e-21,"Cyt-b5-r","Down"
"FBgn0051337",234.387920948207,-1.12197990349707,0.113325110149558,-9.90054103646015,4.14029079284797e-23,1.90374763354687e-21,"CG31337","Down"
"FBgn0011260",76.616401917433,2.2381502767354,0.227139653664368,9.85363075371506,6.61116316109524e-23,3.00188127283481e-21,"Sema-2a","Up"
"FBgn0031327",202.936714795575,1.24913550690849,0.127090150210684,9.82873578194477,8.46750190955426e-23,3.75100008371413e-21,"CG5397","Up"
"FBgn0037754",72.7305396718174,-2.14339843987712,0.221956105744335,-9.65685729928079,4.59751532332287e-22,1.95327186104916e-20,"CG8500","Down"
"FBgn0031912",293.296680296223,-1.00933448542026,0.105410438885983,-9.5752801723177,1.01581510939457e-21,4.16943320324946e-20,"CG5261","Down"
"FBgn0050147",250.555310138727,-1.05800889283479,0.11068654578593,-9.55860430301076,1.19355391981073e-21,4.87144338619381e-20,"Hil","Down"
"FBgn0039827",42.7235695663713,-4.06398306775319,0.433039562633418,-9.38478471352392,6.30451037505876e-21,2.48925368884793e-19,"CG1544","Down"
"FBgn0035542",157.443591595501,-1.34482674682707,0.144282334000763,-9.32079977871691,1.15466602728619e-20,4.46204717459265e-19,"CG11347","Down"
"FBgn0019660",98.5133137739563,1.78702766288991,0.192121425340133,9.30155322201127,1.38408756961399e-20,5.29231378591877e-19,"roX2","Up"
"FBgn0086378",171.568182551028,1.27296509869829,0.137166575142325,9.28043218530059,1.68792498178897e-20,6.38686197536293e-19,"Alg-2","Up"
"FBgn0013678",85.9186533217611,1.95577129639801,0.211049103426653,9.26690170507031,1.91631492399857e-20,7.2134859703884e-19,"mt:Cyt-b","Up"
"FBgn0035189",57.614159113617,2.51980319722972,0.273437978228242,9.21526414712739,3.10512826034775e-20,1.15685932366289e-18,"CG9119","Up"
"FBgn0001226",352.031159423059,1.63475119070414,0.181620843486044,9.00090077397837,2.23873217537151e-19,7.85719287636425e-18,"Hsp27","Up"
"FBgn0037239",208.625298299094,-1.09346665079265,0.121508560807762,-8.99909145103462,2.2759327431817e-19,7.94935162462263e-18,"CG11739","Down"
"FBgn0040827",60.2159779299177,-2.1702539996189,0.243311766378325,-8.91964261294446,4.67795328148744e-19,1.60308163160407e-17,"CG13315","Down"
"FBgn0003501",84.5043924531569,1.79610467830871,0.20228990053007,8.87886480542178,6.75461437496829e-19,2.28243132251835e-17,"Src64B","Up"
"FBgn0031049",158.30415672044,1.24062702063943,0.140177233188448,8.85041737820285,8.71925929404679e-19,2.90575315464449e-17,"Sec61gamma","Up"
"FBgn0052135",89.7843581937699,1.69083470938586,0.192028501453952,8.80512370082374,1.30708343477638e-18,4.316345978932e-17,"CG32135","Up"
"FBgn0034010",127.142977613224,-1.33918641981512,0.154036827957524,-8.69393662263935,3.50093021814415e-18,1.10105013137737e-16,"CG8157","Down"
"FBgn0063649",161.68606700352,-1.19142004384636,0.140222845468974,-8.49661864913431,1.9519339670326e-17,5.74121468440965e-16,"CG6006","Down"
"FBgn0036968",213.985445818991,-1.05698338913384,0.126858104706734,-8.332013091141,7.9479157408764e-17,2.25553155693231e-15,"CG6680","Down"
"FBgn0039109",131.098630885544,-1.26040972468767,0.152816019794125,-8.24789002086107,1.61215631278975e-16,4.48747724613699e-15,"CG10365","Down"
"FBgn0051038",163.221770135624,-1.12970674176206,0.137519019154889,-8.21491273501346,2.12318601803466e-16,5.86499863917179e-15,"CG31038","Down"
"FBgn0034718",152.09720399946,1.17030902785871,0.142670337059207,8.20288962640531,2.34676643801775e-16,6.45805233795415e-15,"wdp","Up"
"FBgn0261015",155.905495002228,-1.12171833919977,0.139492855260863,-8.04140353355067,8.88152507173853e-16,2.32939637711843e-14,"Pif1A","Down"
"FBgn0260966",174.490898650576,-1.02766024550516,0.130862149041002,-7.85299838827471,4.06206888646825e-15,1.03185071539132e-13,"sick","Down"
"FBgn0039257",132.231992216278,-1.16493425862815,0.151278320942416,-7.70060277884484,1.35425861307377e-14,3.32388135945302e-13,"tnc","Down"
"FBgn0023549",53.6657319998676,-1.88862676066105,0.249390234728692,-7.57297799857987,3.64764101155917e-14,8.68856129474667e-13,"Mct1","Down"
"FBgn0051092",46.1311842205489,2.16524851233461,0.285999969832968,7.57079979273833,3.70933348217074e-14,8.80663651894458e-13,"LpR2","Up"
"FBgn0052625",59.2653156217717,1.83793997835074,0.243104518205873,7.56028720451126,4.0218033676496e-14,9.48649398245921e-13,"CG32625","Up"
"FBgn0039113",131.728233502924,1.13892063510246,0.150835553416644,7.55074390158197,4.32779102960592e-14,1.01752109482482e-12,"CG10217","Up"
"FBgn0016715",39.0354635069389,-2.46519256130931,0.330050627195894,-7.469134605965,8.0723932098904e-14,1.86770498948579e-12,"Reg-2","Down"
"FBgn0010247",169.223669295717,1.02949263498056,0.139188442823257,7.3963945145059,1.39931866734907e-13,3.14738393755139e-12,"Parp","Up"
"FBgn0037680",136.935735914362,1.07485672282005,0.146564117494707,7.33369627705002,2.23890182559446e-13,4.89928366353728e-12,"CG8121","Up"
"FBgn0035968",86.4211118817862,1.37783817085315,0.18920027396338,7.28243221846408,3.27854679430572e-13,7.02614821847524e-12,"CG4484","Up"
"FBgn0001225",110.149460627035,1.18589974190747,0.164876520335117,7.19265386907179,6.3543890748224e-13,1.3381054095242e-11,"Hsp26","Up"
"FBgn0004108",150.665109093281,1.01230882209124,0.141016977145846,7.17863084700974,7.04129822944075e-13,1.47420840452124e-11,"Nrt","Up"
"FBgn0034434",26.0489526456836,-3.09165959904766,0.435050624040623,-7.10643641959004,1.19077475656995e-12,2.42324330713744e-11,"Rgk1","Down"
"FBgn0033359",98.6876131496035,-1.3428069007261,0.189485031531724,-7.08661201294567,1.37434984284869e-12,2.7735143356377e-11,"CG8213","Down"
"FBgn0030078",39.5860910373764,2.19417807838252,0.310818465547902,7.05935560975979,1.67276490324199e-12,3.34783389037275e-11,"CG10970","Up"
"FBgn0036299",158.977151445926,1.00214959634866,0.142643362370818,7.02556066887611,2.13208342709161e-12,4.19771980970746e-11,"Tsf2","Up"
"FBgn0027515",133.960852764758,1.0327080250241,0.14956058807507,6.9049476089633,5.02219591186692e-12,9.40155157377099e-11,"CG7115","Up"
"FBgn0052407",47.6667999008422,-1.82258740208529,0.265519929236853,-6.86422072845417,6.68551907947299e-12,1.2208338742867e-10,"CG32407","Down"
"FBgn0032405",26.0476087356715,3.01321895582061,0.439688580572925,6.8530753104716,7.22790088660472e-12,1.30949376411928e-10,"CG14946","Up"
"FBgn0002868",31.8227088563153,-2.36177413601926,0.348306033893835,-6.78074424843049,1.19558362071614e-11,2.13938793214354e-10,"MtnA","Down"
"FBgn0032730",32.6474860346395,2.33464894593993,0.346179727580335,6.74403715739869,1.54045116539461e-11,2.69671752207032e-10,"CG10431","Up"
"FBgn0030041",23.0011410295468,-2.9844531716364,0.451558298467049,-6.60923114859814,3.86321118043477e-11,6.43720853804097e-10,"CG12116","Down"
"FBgn0013672",21.7955834875275,4.61081995843365,0.702694332978004,6.56162963331879,5.32228765239172e-11,8.74805877706467e-10,"mt:ATPase6","Up"
"FBgn0033764",20.6782495086211,3.64381122145309,0.557779971962396,6.53270358315902,6.45929052949021e-11,1.05453361116284e-09,"CG8776","Up"
"FBgn0034885",39.2349335205656,1.96240169155856,0.300425168669606,6.53208151716717,6.48618336819046e-11,1.0565498244373e-09,"CG4019","Up"
"FBgn0037290",22.2969422503738,4.98309603962984,0.772446774910177,6.45105423633789,1.11074736613985e-10,1.77353398132e-09,"CG1124","Up"
"FBgn0034245",108.406535702482,1.0526602068234,0.163442188470227,6.44056602934656,1.19028758319498e-10,1.87580028024111e-09,"CG14482","Up"
"FBgn0085359",18.9125898894993,-4.21983526429659,0.660765981288091,-6.38627802247096,1.69971861354137e-10,2.63293299091216e-09,"CG34330","Down"
"FBgn0033000",89.9894012584062,1.22202092281835,0.195985131234783,6.23527364101116,4.50989044728285e-10,6.64591361044826e-09,"CG14464","Up"
"FBgn0261109",97.6705874103346,1.09279259689788,0.175575163942339,6.22407276952207,4.84412221836436e-10,7.09527175734215e-09,"mrn","Up"
"FBgn0033724",39.8367075747511,1.81610033512142,0.292190499673316,6.21546674909661,5.11723093612658e-10,7.48021785733593e-09,"CG8501","Up"
"FBgn0013680",19.2110546052326,3.70479242413559,0.596528325488101,6.21058928107763,5.27862750994417e-10,7.66984577194887e-09,"mt:ND2","Up"
"FBgn0052280",112.046225956072,1.00121123280321,0.161251324864853,6.20901089428155,5.33191268879619e-10,7.73180552576933e-09,"CG32280","Up"
"FBgn0035266",83.8698076273675,1.17541727274034,0.190834200662389,6.15936382818407,7.30377525739392e-10,1.04247401267125e-08,"CG7995","Up"
"FBgn0040602",107.785899025638,1.02886976926533,0.167186097706622,6.15403902225646,7.55340860258303e-10,1.07178737300324e-08,"CG14545","Up"
"FBgn0038528",43.2886272256034,1.63792087196232,0.272875467152569,6.00244825617296,1.94364212958755e-09,2.67942316346367e-08,"CG14326","Up"
"FBgn0034389",36.7199296402166,-1.82913539675511,0.305320346372555,-5.99087292572105,2.08717680953139e-09,2.86641578851523e-08,"Mctp","Down"
"FBgn0032029",87.5490395494663,-1.10867772732916,0.185802802994129,-5.96695910644682,2.41715957386672e-09,3.29468373436055e-08,"CG17292","Down"
"FBgn0033426",100.322769425934,-1.07698326904023,0.180664977467666,-5.96121774201078,2.50365084419557e-09,3.39347451176881e-08,"CG1814","Down"
"FBgn0030805",86.6816780789586,1.08731223043915,0.183814790097326,5.91525975610254,3.31352232142502e-09,4.42513596785896e-08,"wus","Up"
"FBgn0045800",39.6208941569758,1.66220540456109,0.283604155519101,5.86100510945841,4.60073818965489e-09,6.09933630435088e-08,"Uhg1","Up"
"FBgn0036862",84.9043089796481,1.10479047483257,0.189488107538318,5.83039478933611,5.52963943967416e-09,7.29089483289161e-08,"CG9619","Up"
"FBgn0010894",64.0655278125128,1.27630088086854,0.219389872724408,5.8175013505377,5.97337796793513e-09,7.83331966372721e-08,"sinu","Up"
"FBgn0034438",26.7881944381159,2.14089873570379,0.369777321176643,5.78969723965597,7.05134097456252e-09,9.16422042579548e-08,"CG9416","Up"
"FBgn0051642",28.672247797712,2.09342401742234,0.362965391432888,5.76755819379384,8.04283170592968e-09,1.03418004147928e-07,"CG31642","Up"
"FBgn0260011",21.0603366564997,2.55073486904611,0.44734058617532,5.70199742181774,1.18411619765993e-08,1.48320761655162e-07,"nimC4","Up"
"FBgn0052700",16.0361147804334,4.50699707332411,0.793082967589524,5.6828821920392,1.32443505149652e-08,1.65043235834e-07,"CG32700","Up"
"FBgn0046706",93.9300647341972,1.07984929419573,0.191522002560061,5.63825189670876,1.71785097413456e-08,2.11446758262929e-07,"Haspin","Up"
"FBgn0031689",92.1655568979459,1.01240762786058,0.17958927429534,5.63735018047709,1.72686728045558e-08,2.11920452576178e-07,"Cyp28d1","Up"
"FBgn0052267",95.8197451634014,1.02060939788581,0.181334127375113,5.62833600414635,1.81956383095578e-08,2.22170272804937e-07,"CG32267","Up"
"FBgn0033782",38.018705376063,-1.67657342412063,0.300333129847984,-5.58237922326198,2.37250360522048e-08,2.85841437677062e-07,"sug","Down"
"FBgn0053217",32.5095265632793,1.82737713265974,0.327838019602975,5.57402443704599,2.4892079449997e-08,2.99405558285146e-07,"CG33217","Up"
"FBgn0013811",84.6002719123791,-1.03287103956547,0.186935494913284,-5.52528047198632,3.28959669221453e-08,3.89233224249813e-07,"Dhc62B","Down"
"FBgn0085460",47.0825863867376,1.42629257792958,0.260032218344012,5.48506099364445,4.13326781853981e-08,4.80451051227067e-07,"CG34431","Up"
"FBgn0038462",82.0043379740242,1.04043371221386,0.190189846633808,5.47050082130362,4.48765627222454e-08,5.18327866736268e-07,"CG17556","Up"
"FBgn0024315",19.1626325030579,-2.39959407719671,0.44831667955271,-5.3524532693961,8.6769715622335e-08,9.58027331301313e-07,"Picot","Down"
"FBgn0063498",81.1375158879288,-1.03299255662146,0.193082129280621,-5.35001639183359,8.79462656719526e-08,9.69544188325851e-07,"GstE2","Down"
"FBgn0031117",79.8805504562415,1.0378491284047,0.195450128818719,5.31004576296449,1.09597711939442e-07,1.19195715155696e-06,"CG1702","Up"
"FBgn0063493",80.6196865721097,1.04529015841369,0.197173891106797,5.30136192244396,1.1494196487287e-07,1.2407925331373e-06,"GstE7","Up"
"FBgn0026417",70.9099976120732,1.12182367242407,0.211740794544051,5.29809890833619,1.17014580350274e-07,1.2612921754373e-06,"Hus1-like","Up"
"FBgn0058196",63.3676863556372,1.12426622934303,0.21381701913148,5.25807643334365,1.4557001911534e-07,1.54614939893706e-06,"CG40196","Up"
"FBgn0030480",78.2498382373128,1.00217278339996,0.19205753727777,5.21808619231919,1.80781338753824e-07,1.89794281220597e-06,"Tim9a","Up"
"FBgn0261284",15.2442624349773,2.83855892084244,0.549165802614916,5.16885593991161,2.35531359285358e-07,2.44797614478988e-06,"bou","Up"
"FBgn0050463",15.6604337711978,2.752620572421,0.5332262605107,5.16219994451259,2.44064394825084e-07,2.53303975486319e-06,"CG30463","Up"
"FBgn0037153",28.7050033535216,1.73760131422896,0.337670396757949,5.14585030524461,2.66311730476544e-07,2.7443329388824e-06,"olf413","Up"
"FBgn0022702",61.9107089630421,1.15957931825661,0.226763548305483,5.11360545785112,3.16067168132642e-07,3.21600556930483e-06,"Cht2","Up"
"FBgn0259740",31.1993322732145,1.68232380262054,0.329777166078116,5.10139565642953,3.37157887043379e-07,3.39729826542323e-06,"CG42394","Up"
"FBgn0039969",196.716271046698,1.04174116102325,0.205261170301116,5.07519838990993,3.87091911537914e-07,3.86294332049855e-06,"Fis1","Up"
"FBgn0032805",66.7537244126275,1.0441605041785,0.206790612130123,5.04936125205462,4.43289761122094e-07,4.38760233590192e-06,"CG10337","Up"
"FBgn0038198",16.481416062012,2.56415703834944,0.5078791065139,5.04875472422936,4.44699242223823e-07,4.39556461871575e-06,"Npc2b","Up"
"FBgn0031268",38.693905088854,1.41245646656955,0.280430574459616,5.03674205029649,4.73522213715891e-07,4.6551270401163e-06,"CG2813","Up"
"FBgn0033495",22.4326410824641,-1.85676032424712,0.382130592419784,-4.85896801009694,1.17999195605027e-06,1.09764936756789e-05,"CG12214","Down"
"FBgn0033775",17.9990105767127,2.17740429029635,0.45596598351964,4.77536563909611,1.79381026615752e-06,1.63308666461583e-05,"Cyp9h1","Up"
"FBgn0031703",26.0075267730019,-1.70411492418788,0.357923323371318,-4.76111729220839,1.92524108447226e-06,1.74835955983637e-05,"CG12512","Down"
"FBgn0024288",11.8268526724766,-5.15120144864778,1.08822425434723,-4.7335844869013,2.20589080253351e-06,1.9663554209087e-05,"Sox100B","Down"
"FBgn0000567",54.6746284641705,-1.10273887696693,0.235489374110911,-4.68275429042313,2.8304572193392e-06,2.48348692010861e-05,"Eip74EF","Down"
"FBgn0085736",11.7041228065294,3.1442257720868,0.676159816226035,4.65012219986127,3.31738411825898e-06,2.85893186466803e-05,"CG40472","Up"
"FBgn0000535",49.8833339955992,-1.12867736156497,0.244291754883976,-4.62020243827314,3.83365802413838e-06,3.27665006416063e-05,"eag","Down"
"FBgn0039479",39.624258125169,1.30461013061345,0.282764976615956,4.61376138667037,3.95446392758107e-06,3.36013806244169e-05,"CG14257","Up"
"FBgn0035344",22.6920906270964,-1.74794071708246,0.378998343738708,-4.61200093868363,3.98811193461634e-06,3.38477023422754e-05,"Cyp4d20","Down"
"FBgn0031245",55.5762399983976,1.05905358733737,0.231365400582303,4.57740692718935,4.70775133529147e-06,3.9403010888125e-05,"CG3625","Up"
"FBgn0037646",12.0013720445624,-2.70878862963979,0.598730864186696,-4.52421746007591,6.06193727593547e-06,4.99886201017834e-05,"CG11967","Down"
"FBgn0032420",38.1919102948918,1.27635083316486,0.286747411423993,4.45113288669801,8.54184605547053e-06,6.88751516015465e-05,"CG6583","Up"
"FBgn0051856",22.3230598586516,1.68996522351572,0.382039600032532,4.42353416601789,9.70992678942747e-06,7.73493619793756e-05,"CG31856","Up"
"FBgn0083124",26.3367899831664,1.47397560949991,0.340715278423568,4.32612125972086,1.51757901989934e-05,0.000115932824180534,"Uhg4","Up"
"FBgn0003447",11.6552276467883,2.71682023987101,0.629468986769267,4.31605098420339,1.58845305952368e-05,0.00012083886363811,"sn","Up"
"FBgn0038595",37.733920255633,-1.18842674721112,0.277271200575035,-4.28615285232086,1.81793926544482e-05,0.000136721829849448,"CG7142","Down"
"FBgn0052681",42.2997348885386,-1.13262629734086,0.264747646139182,-4.27813547677556,1.88465310031356e-05,0.000141446330307624,"CG32681","Down"
"FBgn0038545",33.1833823707148,1.28146034531527,0.300270637739363,4.26768449610311,1.97512403108382e-05,0.000147268601134221,"CG7713","Up"
"FBgn0037635",46.083604728436,-1.02693913549833,0.247674676065086,-4.14632271580506,3.37857550494055e-05,0.000239466839447737,"CG9837","Down"
"FBgn0031258",34.3767755223638,-1.20795567224451,0.291762539876365,-4.14020138690998,3.47001050630944e-05,0.000244753653673185,"CG4297","Down"
"FBgn0260429",23.9703379216888,-1.54078088967955,0.372869172339072,-4.13222922134852,3.59261876912702e-05,0.000251206692566967,"CG42524","Down"
"FBgn0051360",24.3275211526855,1.53110408661243,0.375173647930307,4.08105445320843,4.48318494266796e-05,0.000306688687462172,"CG31360","Up"
"FBgn0050001",28.9707435527385,1.36875291569055,0.336150445778994,4.07184620124068,4.66419736991632e-05,0.00031817271260509,"CG30001","Up"
"FBgn0259821",42.9198297925044,1.08878404413115,0.267497482134435,4.07025903736904,4.69608919555358e-05,0.000320047729884585,"CG42402","Up"
"FBgn0010223",18.3848385675953,-1.67665262574734,0.414316248573085,-4.04679428219814,5.19238355143471e-05,0.00035025688487626,"Galpha73B","Down"
"FBgn0086910",25.7031370104883,1.37474533569579,0.340859212522672,4.03317641181358,5.50279374364741e-05,0.000369480559589634,"l(3)neo38","Up"
"FBgn0032421",44.3352797802218,1.03155494874319,0.256914794419967,4.01516366962096,5.94045562765536e-05,0.000395576628184383,"CG17218","Up"
"FBgn0039640",21.3582177973156,-1.62780320303888,0.406205403919078,-4.00734009772839,6.14064083481893e-05,0.000407041566286127,"CG14516","Down"
"FBgn0083121",8.47604677318231,3.20042879808689,0.80084587962154,3.99631050059137,6.43373374637464e-05,0.000422613704045314,"Uhg7","Up"
"FBgn0051462",24.1158262709262,1.42117523833549,0.360482497300335,3.94242508021531,8.06618510753154e-05,0.000518591458462094,"CG31462","Up"
"FBgn0034403",22.7129471405735,1.48401759714973,0.37649374231534,3.94167931722689,8.09131100890737e-05,0.00051974690079321,"CG18190","Up"
"FBgn0030598",14.1669384720749,1.95313755264035,0.501099399335281,3.89770483706672,9.71086740230517e-05,0.000610817763443698,"CG9503","Up"
"FBgn0005660",35.7885374616738,1.12842625544205,0.289666336952944,3.89560715722852,9.79530431226514e-05,0.00061506383602944,"Ets21C","Up"
"FBgn0083123",38.7867451758242,1.07368354120959,0.276945850862168,3.87687173455416,0.00010580810111922,0.00065791888733382,"Uhg5","Up"
"FBgn0024984",30.0025309311599,1.17930622006558,0.309714131710532,3.80772492863772,0.000140251153151344,0.000851943668599093,"CG3457","Up"
"FBgn0051477",18.5917955680344,1.55844852982774,0.417559833121833,3.73227596671881,0.000189757443538132,0.00109828165180904,"CG31477","Up"
"FBgn0060296",34.1566226079618,1.1615944012981,0.313041547293649,3.71067167071107,0.00020671006179513,0.00118621532301866,"pain","Up"
"FBgn0038874",25.4784078664519,-1.28840384250614,0.34946621532801,-3.68677653517047,0.000227112623943553,0.00128803529504287,"ETHR","Down"
"FBgn0050051",26.008836368981,1.25559812175819,0.345927077565797,3.62966128755669,0.00028379336351151,0.00156907061332658,"CG30051","Up"
"FBgn0034067",36.9944080559199,1.01507924070249,0.280991586681955,3.61248979974415,0.000303271039809633,0.00166661429971028,"CG8399","Up"
"FBgn0029791",29.4823770610209,-1.11621711590928,0.30990206896939,-3.60183821818734,0.000315974990191264,0.0017220992526178,"CG4096","Down"
"FBgn0020248",11.1127966130252,2.01324504921803,0.561522040773283,3.58533575359847,0.000336644819903548,0.00182244755335266,"stet","Up"
"FBgn0030326",33.6808912709697,-1.04238022783035,0.291776815468058,-3.57252589160724,0.00035355451427357,0.00190688459257423,"CG2444","Down"
"FBgn0013686",105.74976908584,2.06887505731912,0.583475887258689,3.54577644508876,0.000391458148859354,0.0020895984213543,"mt:lrRNA","Up"
"FBgn0053509",27.9880071047562,1.15970153012554,0.329217519321507,3.52259968581136,0.00042733629844181,0.00225788960594891,"CG33509","Up"
"FBgn0035523",19.2338825212787,1.39532342074946,0.398005678434487,3.505787722019,0.000455258151637527,0.00239323478411479,"CG1311","Up"
"FBgn0033065",8.87604760537767,2.24476754898483,0.649138233265048,3.45807323302166,0.00054405347466321,0.00282123375690808,"Cyp6w1","Up"
"FBgn0085814",20.7692300850542,1.4219710986623,0.412218983370362,3.44955267958806,0.000561516159560327,0.0028975698745528,"CR41604","Up"
"FBgn0058002",31.6904587323866,2.69081647896217,0.782125752432321,3.44038854441762,0.000580879627805197,0.00298239611025071,"CG40002","Up"
"FBgn0028433",21.7303963927385,-1.24765038560038,0.363932467725693,-3.4282469860336,0.000607492502721051,0.00310368005082169,"Ggamma30A","Down"
"FBgn0000079",25.0976080752511,-1.17146335345803,0.342754783694797,-3.41778848665507,0.000631321484042398,0.00320962252034151,"Amy-p","Down"
"FBgn0037223",7.39465983274006,-2.50445807750462,0.738274420852854,-3.39231321953626,0.00069305165423152,0.00348444309203598,"TwdlU","Down"
"FBgn0250829",21.373370329662,1.25827502040255,0.370941695908284,3.39210995766208,0.000693566007016337,0.00348461759403436,"PQBP-1","Up"
"FBgn0025836",22.0509982597733,-1.22387989994792,0.363126586917553,-3.37039463382998,0.000750606050259958,0.00372483125350997,"RhoGAP1A","Down"
"FBgn0010097",28.4847382086895,1.06044048161061,0.318010970976096,3.3346034520624,0.000854211194231271,0.00417339900880308,"gammaTub37C","Up"
"FBgn0250868",23.6744741091055,1.1730627337293,0.35422568941831,3.31162523998652,0.000927557111728619,0.00448052022387528,"CG42239","Up"
"FBgn0032498",18.823629952702,1.3041865693588,0.396870385118793,3.28617759918878,0.00101556956478618,0.00486946632680897,"CG6108","Up"
"FBgn0085334",21.0478462638478,-1.22514273793493,0.374637055389168,-3.27021238372235,0.00107466765183453,0.00509958229299664,"CG34305","Down"
"FBgn0033368",21.6032404302595,1.20932654650237,0.370171624894079,3.26693475451664,0.00108718733464118,0.00514890220741081,"CG13743","Up"
"FBgn0031688",12.1408247948388,1.67160355636501,0.512526442076753,3.26149720118183,0.00110825526615758,0.00523502893929444,"Cyp28d2","Up"
"FBgn0250757",26.7415683494698,1.06262780279263,0.327178659743161,3.24785181168848,0.00116279813491761,0.00545366588132758,"CG42235","Up"
"FBgn0039593",12.9524268269623,1.61532124233207,0.500250888113754,3.22902223806698,0.00124214235435387,0.00579586654102816,"CG9989","Up"
"FBgn0034950",26.7428537563225,1.06254945872394,0.330843378234363,3.2116388860328,0.00131980158433056,0.00609946470112057,"CG3105","Up"
"FBgn0040373",28.3040660842941,1.01070136495882,0.318879457431216,3.16954053139918,0.00152680162044749,0.00696545073999065,"CG3038","Up"
"FBgn0032533",21.0260551130829,1.17315055388254,0.372023302445273,3.1534329870509,0.00161362271829007,0.00730403055973669,"CG16888","Up"
"FBgn0086448",27.446962091426,1.02025368151849,0.327217165591836,3.1179711482225,0.00182100629131251,0.00814824162097318,"Gpi1","Up"
"FBgn0038351",19.5864526966383,-1.20316454334154,0.386045366194425,-3.11664029334727,0.00182924619446364,0.00817310799678866,"CG5302","Down"
"FBgn0035727",17.9968827118189,1.28784763020968,0.413268861598243,3.11624646780588,0.00183169110138776,0.00817900175266263,"CG10063","Up"
"FBgn0085438",14.1739139942958,-1.42146720299342,0.45924005251745,-3.09525964732663,0.00196640674322993,0.0086950365122127,"CG34409","Down"
"FBgn0025456",13.4786462188637,1.46296919162843,0.474809714953398,3.08116945705718,0.00206189266443433,0.00903280873361699,"CREG","Up"
"FBgn0035084",26.3123826734458,-1.03077520941658,0.335205149838429,-3.07505779643725,0.00210461764994617,0.00919425569865238,"CG15861","Down"
"FBgn0051849",15.0678781791556,1.40499342831151,0.457223440286532,3.07288145032773,0.00212002690559628,0.00924489523959001,"CG31849","Up"
"FBgn0033446",23.3777734696571,-1.10795025631858,0.36378599013658,-3.04561001896366,0.00232208805858095,0.0100180753272596,"CG1648","Down"
"FBgn0050383",22.7692300060619,1.10335535780704,0.363175657435733,3.03807630059096,0.00238093661281381,0.0102291570030115,"CG30383","Up"
"FBgn0035167",22.546916421131,1.09606809259092,0.36447892719114,3.00721937764077,0.00263649421577584,0.0111751052961561,"Gr61a","Up"
"FBgn0036926",19.638155851168,1.18330432186235,0.394662779458647,2.99826683297947,0.00271519832992546,0.0114618918459666,"CG7646","Up"
"FBgn0039651",20.587540690924,1.15681944148102,0.386533424836708,2.99280571135529,0.0027642566232017,0.0116419271696002,"CG14508","Up"
"FBgn0037672",24.3435509297113,1.06478583029102,0.355891741151661,2.99188125817528,0.00277264084490756,0.0116637149613511,"sage","Up"
"FBgn0037046",10.0658448643593,1.78148378567052,0.596941853669165,2.98435061090196,0.00284180932299482,0.0119064271808289,"CG10581","Up"
"FBgn0051082",11.7693627277119,-1.54261489366323,0.516942464654141,-2.9841133184818,0.0028440142219384,0.0119087973039669,"CG31082","Down"
"FBgn0243513",9.46778397311561,1.71500445200028,0.579884467354892,2.95749334315363,0.00310151445840258,0.0127935497394479,"cnir","Up"
"FBgn0051118",9.09002023193375,-1.74540685371567,0.59079375309904,-2.95434209410652,0.00313336458144836,0.0128900870239084,"RabX4","Down"
"FBgn0034139",7.63298585175505,2.01215856083601,0.683427792268145,2.94421529765142,0.00323774680959523,0.0132818919094914,"CG4927","Up"
"FBgn0034391",18.5352642557247,1.20413946511985,0.413382573957305,2.91289362682283,0.00358096562516168,0.014453175148222,"CG15080","Up"
"FBgn0030583",12.5019240907269,1.41685707188802,0.492249131337781,2.87833331069053,0.00399782494295375,0.0159583506651423,"CG14410","Up"
"FBgn0032084",9.88448547587376,1.68006825420008,0.587745081450628,2.85849819458031,0.00425651530915481,0.0168429105234257,"CG13101","Up"
"FBgn0035076",8.29223274507095,1.78837829994785,0.627902836534403,2.84817681318098,0.00439704879275367,0.0173047451134103,"Ance-5","Up"
"FBgn0053642",9.26610411760438,1.69758441374264,0.596513076543378,2.84584610211675,0.00442935960159872,0.0174224675179289,"CG33642","Up"
"FBgn0053641",11.4650216648643,1.45611227852754,0.516290043217271,2.82033771066695,0.00479731326258514,0.018677642471962,"CG33641","Up"
"FBgn0085586",46.9195429298586,1.17231760017977,0.422903854338516,2.7720664830862,0.0055701658835011,0.0210766953873102,"CG41265","Up"
"FBgn0031844",11.937108899783,1.43484069898023,0.517952063492402,2.77021909963156,0.00560185961700875,0.0211635518032078,"CG13771","Up"
"FBgn0029090",10.4200950807103,-1.48774211597193,0.537730466623415,-2.76670601410023,0.0056625794030339,0.0213374685492953,"cngl","Down"
"FBgn0036155",17.7906611639414,-1.08854549061816,0.399740695110013,-2.72312902822812,0.00646667962894299,0.0240186234684411,"CG6163","Down"
"FBgn0002945",14.4203831095614,-1.20481592495761,0.447092435602465,-2.69478038324246,0.00704350385529445,0.0257788692739114,"nkd","Down"
"FBgn0031717",15.5324584274903,1.17635234614928,0.439225668558473,2.67824134689132,0.00740098688743748,0.0268840848686166,"Oscillin","Up"
"FBgn0053640",6.89805009748676,1.82006981285547,0.698373104532678,2.60615679647827,0.00915645350536669,0.0323061339448888,"CG33640","Up"
"FBgn0038530",10.0638942367304,1.43047784983288,0.561224250145314,2.54885252991562,0.0108077991502935,0.0370371041636236,"AttD","Up"
"FBgn0003996",15.0104520851582,1.14845971323863,0.450625183860601,2.54859194375142,0.010815877193888,0.0370473115575656,"w","Up"
"FBgn0042701",18.2064673147726,-1.00695595360335,0.395577965366583,-2.54553094905121,0.0109111691109535,0.0373385038111526,"CR12628","Down"
"FBgn0053555",18.6736300084606,1.01193080888898,0.398908303829374,2.53675042403184,0.0111886687593655,0.0380976514386131,"btsz","Up"
"FBgn0050148",11.1544676292709,-1.29413888976259,0.51569063702922,-2.50952566681808,0.0120893429567836,0.0405489734907815,"CG30148","Down"
"FBgn0034804",8.92359739083376,-1.47850344604082,0.590299455606948,-2.50466679580555,0.0122566799124355,0.0410533792364426,"CG3831","Down"
"FBgn0027585",13.1643007597144,-1.1586673072401,0.467606737263134,-2.47786700855015,0.0132170399792195,0.0438455686981872,"CG8740","Down"
"FBgn0030377",12.0050688195104,-1.22098275462779,0.492952269255053,-2.4768782512614,0.0132537103896168,0.043847088333591,"CG1924","Down"
"FBgn0260431",10.6380675935294,1.31454353397376,0.538702699889109,2.44020223816283,0.0146790416004856,0.0475625682877945,"CG42526","Up"
"FBgn0034239",16.6397689079891,-1.01413135734924,0.4158924429691,-2.43844622448354,0.0147505531876503,0.0476914859404894,"CG18631","Down"
"FBgn0038416",14.8036095578885,1.11736501290738,0.458321550373351,2.43794997638049,0.0147708178727136,0.0477145361695261,"CG17930","Up"
